num,title,subtitle,level,reps_label,reps,works,benefits,imagery,placement,movement,breath,tips,caution,thumb1,thumb2,thumb3,thumb4,thumb5,thumb6,qr_code
1,INVERTED PooP,Subtitle,2,REPS,10,"Works: Calves, Quads, feet and ankles`","Benifits: Enhances balance, strengthens calves and ankles, functional ","Picture yourself riding smoothly up an elevator- no bounccing or woddling, just a clean glide straight up.","PlacemenStand with your back against the wall in a neutral spine, feet slightly turned out in second position, legs comfortably apart, and weight evenly distributed through both feet.

Endt",,,,,placeholder-1-h.jpg,,,,,,
2,Side bend 3,Right,2,REPS,10,"Works: Shoulder stabilizers, obliques, and core ","Benifits:Strenghend shoulders, toned the side body, increases flexibility",Feel your side body stretch like an accordion ipening then power it closedas you press the wall.,Stand with your back against the wall in neutral spine,,,,,placeholder-1-h.jpg,placeholder-2-h.jpg,,,,,
3,Toe Taps ,Right,1,REPS,10,strengthes the deep core,Low impact safe and effective         ,"Picture yourself riding smoothly up an elevator- no bounccing or woddling, just a clean glide straight up.","Wide stance, feet wider than your hips","
Inhale to go into side bend.
Exhale to push away from wall","Inhale to lower one foot down, exhale to bring it back to center, keeping the core engaged and pelvis steady throughout.","Maintain a neutral pelvis as the leg lowers, keeping the abdominals deeply engaged and the ribcage quiet to prevent arching or loss of control.","Avoid lowering the leg too far if the lower back begins to arch or lift, as this can strain the spine and reduce core effectiveness.",placeholder-1-h.jpg,placeholder-2-h.jpg,placeholder-3-h.jpg,,,,
4,Corkscrew 1  basic,Right,1,REPS,10,"Works: abs, shoulders,quads ","Works: abs, shoulders,quads Improves pelvic stabilty, Builds coordination Encourages body awareness ",Paint a crescent moon with your knees . Think of your knees as a paint brush and the ceiling as your canvas.,"Lying on your back in neutral spine
Hands on the wall about 6 inche’s from the floor
Legs at tabletop glued together","From the deepest point of  side bend, push yourself away from the wallto stand tall ,with your arms to the side.",Inhale to go into side bend.,"Keep strong connection through your center and focus on deep activation rather than speed, maintaining a neutral pelvis and shoulders quietly down the back. Move with precision and control so the pelvis stays still as the legs lower and lift, allowing the lower abdominals to work instead of the hip flexors.","Avoid using momentum to swing the legs, and keep the small if control is lost, preventing strain through the lower back and unnecessary pressure on the spine.",placeholder-1-h.jpg,placeholder-2-h.jpg,placeholder-3-h.jpg,placeholder-4-h.jpg,,,
5,Heel Raises 1,Left,1,REPS,10,"Works: calves, ankles, core",Builds ankle and calf strenght Supports balance Preps the feet and ankles for more dynamic movme,Imagine your feet like roots of a tree. As you lift your heels feel your body growing taller like branches reaching for the sun.,"Weight is distributed across the base of your big toe, pinky toe, and heel.",Lift heels    3 Hold at the top 4 Lower heels down,"
nhale to prepare
Exhale to lift up
Inhale to drop heels down","Move with purposeful control as you lift and lower, creating a strong connection through your glutes and abdominals to support the rise, staying tall and balanced throughout the .","Maintain alignment through your ankles, knees, and hips as you lift; avoid rolling out or collapsing inward, and lower with control to preserve joint integrity and prevent strain.",placeholder-1-h.jpg,placeholder-2-h.jpg,placeholder-3-h.jpg,placeholder-4-h.jpg,placeholder-5-h.jpg,,
6,Ad - Abduction 1,Basic,1,REPS,10,"Works: calves, ankles, core
 : ","
 Builds ankle and calf strenght Supports balance Preps the feet and ankles for more dynamic movments: ",Let your leg sweep like its drawing a line in soft sand.Gently brushing in and out.,"Standing in neutral spine facing the wall. Legs are parallel hip width apart.
Weight is distributed across the base of your big toe,pinky toe,and heel. Hands are shoulder height ,with elbows bent.","Engage your core
Bring right leg in crossing midline.
Bring leg out to the side","
Exhale as you cross midline
Inhale to bring leg out to yhe side.","Keep the pelvis stable and hips level as the legs move, engaging the inner and outer thighs with control to avoid shifting or gripping through the lower back.","Avoid letting the pelvis rock or the lower back arch as the legs move, which can reduce effectiveness and place unnecessary strain on the spine and hips.",placeholder-1-h.jpg,placeholder-2-h.jpg,placeholder-3-h.jpg,placeholder-4-h.jpg,placeholder-5-h.jpg,placeholder-6-h.jpg,
7,combo 1,,,,,, ,,,,,,,,,,,,,
8,Leg Curls,Right,1,REPS,10,"Works: Hamstrings, Gluts, Core 
"," Benifts: Strenghtens back of legs, improves knee staility, enhances  balance
",Imagine your squeezing a sponge behind your knee-as your heel curls up you press into the sponge squeesind the sponge dry.,"Standing facing the wall, in neutral spine.Feet are paraelle hip width apart.
Weight evenly distribated under big toe,pinkey toe,and heel.
Hands on wall shoulder height, with elbows slightly bent","Stand tall, shift your weight to your standing leg.
Lift your other heel touching your heel to your glute. Aluternate sides","
Inhale as you stand tall
Exhale as you lift the heel  Inhale as you drop the heel
"," Stand tall with a steady pelvis and strong core activation.
Move with control and precision, prioritizing clear hamstring connection.
Keep your shoulders quietly down the back and your standing leg grounded for stability.",Caution: Avoid swinging or using momentum; stay intentional with each curl and monitor pelvic stability so the hips and lower back don’t feel any strain.,thumb1,,,,,,
10,Marching 1,Basic,1,REPS,20,"Works: Core, Hip flexers, Calves and foot stabilizers","Builds hip flexor strength, improves single-leg stability, reinforces neutral pelvis, and enhances balance and control without gripping through the lower bavk.","Imagine your foot is lifting out of a shallow puddle. Like a soft suction, as you lift the leg up","Standing facing the wall, in neutral spine.
Legs are parallel hip width apart
Weight is evenly distribted under the big toe, pinky toe, and the heel.
Hands on wall shoulder height ,with elbows bent

","Stand tall with core engaged
Lift bent knee up
Place leg down, back to starting posistion.
Switch sides","
Inhale to stand tall
Exhale to lift leg  Exhale to lower leg   Inhale to lift other legS","  Stand tall with quiet shoulders and steady posture, lifting each knee with precision while keeping your pelvis level and your core engaged to prevent swaying or shifting.","Caution:Avoid rocking the pelvis, gripping through the hip flexors, or collapsing through the chest; keep the shoulders relaxed, maintain steady control.kccccontrol,controlthemovementosacrifice alignment for speed.",thumb1,thumb2,,,,,
11,Prancing,Left,1,REPS,20,"Works: abs, glutes, quads","Strengthens postural muscles,prebs body for more balanced -based movements",Think of your thigh being pulled up by a string from your lower belly,"
Standing facing the wall in neutral spine with legs hip width apart.
Weight under feet is evenly distribted underthe big toe, pinky toe, and the heel
Hands on the wall shoulder height ,with elbows  slighty bent.

","Bring left heel up.
Lift both heels up.
Switch sides.","BreathBreath
Inhale to stand tall
Exhale to bring the heel up Inhale to bring the heel  down 
Exhale as you bring other up
","
Inhale to stand tall
Exhale to bring the heel up Inhale to bring the heel  down 
Exhale as you bring other up
","Avoid rolling or sickling through the feet as the heels alternate, keeping weight centered and ankles aligned to prevent strain and maintain clean, controlled .",thumb1,thumb2,thumb3,,,,
12,combo2,,,,,,,,,,,,,thumb1,thumb2,thumb3,thumb4,,,
13,Pushups 1,Left,1,REPS,15,"Chest, shoulders, core","Builds upper body strength, improves core stability, and supports controlled, aligned through the shoulders and spine.","Picture pushing away a heavey desk drawer thats stuck.- you lean into it with control,then press with purpose.","Standing facing the wall in neutral spine
Legs are parallel hip width apart. 
Weight is evenly distributed under big toe, pinky toe, and heel. Hands shoulder height with fingers pointed up, and arms are straight.
fff
lllwW","Bend the elbows to lower the body with control, then press through the hands to straighten the arms back to the starting position.

Voice chat ended
9s","BreathBreath
Exhale as you stand tall                                       2 Inhale as you bend elbows 3Exhale as you stretch arms to straight
3",,,thumb1,thumb2,thumb3,thumb4,thumb5,,
14,Second Postion1,Right,1,REPS,10,"Quads, glutes, core","Works: Inner and outer thigh,quads, calves.  Improves hip mobility, lower body strength, balance,and coordination","Imagine your pelvis is a bowl of water- don’t let it tip forward or back,side to side.","Standing facing away from wall,in neutral spine.
Feet are wider than hips, with toes turned slightly outwards.
Feel the weight under the big toe, pinky toe, and heel.                                                                      Arms are down to your sides.
","Stand tall, engaging your core.
Glide knees outward, tracking over second toe,to about hip level                                Push feet into the ground to come up to standing.","
Inhale as you bent you’re knees
Exhale as you straighten
","Think of lifting through the spine as you lower into the plié, then press firmly through the feet to rise, maintaining alignment and control throughout the .","Maintain strong lower abdominal activation and connection, keeping your pelvis completely still in neutral while your shoulders  stabilize with control.",thumb1,thumb2,thumb3,thumb4,thumb5,thumb6,
15,Bridge 1, Basic,1,SECS,10,"Works: Glutes, hamstrings, core.      ","Strengthens glutes, supports pelvic stability, and improves spinal articulation with controlled, supported .","Imagine your a bridge across a quiet stream.- long from your knees to your shoulders,strong and still.",On your back in neutral spine. Feet on the wall hip width apart in parallel. Knees are bent at 90 degrees.,"From your starting position lift hips to straight line bridge.
Bring back down in one piece.","BreaBreath
Inhale to to prepare.      Exhale to lift hips    Inhale to bring hips downth","Press evenly through your feet and engage glutes and abdominals for structural support, keeping ribs connected and hips level as you lift and lower with steady control.","Caution: Avoid overarching the lower back; keep ribs contained and weight evenly through both feet. Stop if you feel strain in the neck, knees, or lumbar spine.",,,,,,,
16,Combo3,,,,,,S,,,,,,,,,,,,,
17,Back Extention 1,Basic,1,REPS,10,"Works: Upper back, shoulders, core   Improves posture, breath capacity, and upper back strenght and mobility","Improves posture, strengthens upper back, and supports spinal extension and alignment.

Voice chat ended
9s",Visulize your spine lifting upward like a graceful fountain elegant and light,"Standing facing out from wall in neutral spine
Elbows bent,with forarms and hands on the wall
Legs in parallel hip width apart
","Works: Upper back, shoulders, core   Improves posture, breath capacity, and upper back strenght and mobility","
Inhale as you lift into extention
Exhale as you return to stand tall
","Keep your core engaged and pelvis steady as you move into extension, creating a slow, deliberate lift through the chest and feeling the connection of the shoulders.",Caution: Avoid overarching or compressing into the lower back; protect your lower back by using your abdominals and prioritize your form.,,,,,,,
18,Side Bend 1,Left,1,REPS,10,"Obliques, core, spine","Improves lateral flexibility, strengthens obliques, and supports spinal mobility and alignment.",Imagine your ribs are a beautiful fan. As you sidebend feel the fan open up fresh air and space.,"Standing to the side of the wall, in neutral spine.  Legs are parellal hip width apart.
Hand on wall a little lower than shoulder height with elbow bent.
Other hand behind head","Stand tall, and lift up through your spine.
Side bend towards the wall,while keep hips square.","Inhale to reach and stretch over, exhale to return to center with control and lift through the spine.","Begin with strong core activation, prioritize controlled mobility through your spine, stabilize the shoulders, and move through the side bend with steady control.","Caution: Check your alignment before you move, making sure you’re bending directly to the side without rotating or collapsing forward, and keep both hips grounded and steady.",,,,,,,
19,Hundreds 1,Basic,1,REPS,1,"Works: ab, shoulders, diaphragm    Benifits are trains breath and coordination, mind-body connection, builds core strenght and endurance","Works: ab, shoulders, diaphragm    Benifits are trains breath and coordination, mind-body connection, builds core strenght and endurance","Imagin your arms pumping through water,creating ripples to keep you stesdy and buoyant.","Lying on your back in neutral pelvis
Feet on the wall with knees bent at 90 degrees hip width apart
Arms to your sides","Engage your core and curl head ,neck and shoulders off the mat.
Reaching your arms to long hovering just a few inches off the ground.
Pump your arms up and down with energy","Exhale to curl up to starting position
Inhale,inhale, inhale, inhale,inhale, for 5 pumps
Exhale,exhale,exhale, exhale,exhale, for 5 pumps
10 sets of 10, for atotal of 100","Maintain strong abdominal connection and steady rhythm, keeping the pelvis stable and shoulders actively down for maximum efficiency.energythroughout.","Caution: If you feel strain in your neck, lower your head to the mat and maintain steady abdominal activation without gripping through the shoulders or jaw.",,,,,,,
20,Spine Twist,Left,1,REPS,10,"Works: Obliques, intercostals,shoulders
											","
Encourages ribcage expansion and breathing mechanics														","Imagine your spine as a tall lighthouse tower,and your arms as beams of light sweeping smoothly across the horizon as you rotate.","Seated facing the wall in neutral spine.
Feet against the wall with legs together in parallel
Arms out to the side shoulder height in the tee shape ,palms facing forward


","Keeping your spine tall,twist to the left,as far as you can keeping both feet on the wall
Twist back to center Reverse
","
Exhale to prepare
Inhale to twist
Exhale as you come to center
Inhale as yoi rotate to your other side","Move with purposeful intention, rotating from your waist rather than your arms. Keep hips anchored and spine tall. Prioritize efficiency through controlled range, not force.","Caution;Work in a pain-free range, maintaining upright posture and controlled rotation. Avoid compensating through the hips, shoulders, or neck, and prioritize spinal alignment over depth.",,,,,,,
21,combo 4,,,,,,,,,,,,,,,,,,,
22,Straddle ,Left,1,REPS,10,,,,,,,,,,,,,,,
23,Frogs,Right,1,REPS,10,,,,,,,,,,,,,,,
24,Dead Bug 1,Basic,1,REPS,10,"Works:  Abs, pelvic floor, hip flexers.","Builds core stability, improves coordination, and supports spinal control.","Imagine
Zipping up a tight pair of jeans,from bottom to top.That brings your arms, and leg up.","Lying on your back in neutral spine.
Feet on wall in parallel, hip width apart.Knees bent at 90 degrees,shins parallel to the ceiling.
Arms straight,and up at 90 degrees,with palms facing each other.","Lift one foot off the wall, with knee bent.
Bring the leg towards the chest.
Alternating sides.
","
Inhale to prepare.
Exhale as you bring leg in.
Inhale as you bring leg down","Keep the lower back gently anchored, move opposite arm and leg with control, and maintain steady core engagement to prevent shifting or arching.","Avoid arching the lower back or losing core control as the limbs move, which can strain the spine and reduce effectiveness of the exercise.",,,,,,,
25,Twist 1,Basic,1,REPS,10,"Works:Obliques, spinal stabilizers, shoulders
","Improves rotational mobility, strengthens obliques, and supports spinal flexibility and control.","Think of yourself as a seesaw.Legs tilt one way, arms tilt the other, and your always in control of the ride.","Lying on your back in neutral spine
Legs are gluded together,knees bent,
Fet on wall with kness at 45 degrees
Arms are at 90 plams facing each other","Move your legs to the right
Arms move left","
Inhale as you rotate arms, and legs
Exhaleas you pull back to center","Initiate the rotation from the waist, keeping the shoulders relaxed and hips stable, moving with control to maintain alignment and avoid forcing the range.",,,,,,,,
26,Combo 5,,,,,,,,,,,,,,,,,,,
27,Hey Girl,,,,,,,,,,,,,,,,,,,
28,Bridge 4  |,Arms at 90,2,,20,"Works: Spinal extensors, glutes, hamstrings
","Strengthens glutes, improves spinal articulation, and challenges shoulder stability and control.",After you reach your arms back.Feel your spine slowly melting into the mat like warm wax,"In bridge position
feet on the wall legs parallel hip width apart arms down to your side

","From bridge position reach your arms up to 90 degrees
Keep arms up
Keeping the arms up articulate the spine down","Inhale to lift into bridge, exhale to articulate down through the spine with control."," Move with steady segmental control as you lift and lower, keeping arms active and stable. Maintain even weight through both feet and avoid rushing the descent.","Avoid overextending the ribs or arching the lower back as you lift, and keep the shoulders stable to prevent strain and maintain controlled spinal articulation.",,,,,,,
29,Curl up 2,with twist,2,REPS,20,"Works: Obliques, spinal stabilizers, deep abdominals
","Strengthens obliques, improves rotational control, and supports spinal stability.",Check out your cute shoes while you twist up glancing at those sparkly sandals,"Lying on your back in neutral spine 
Feet on the wall at 90 degrees hip width apart in parallel
Hands behind the head with elbows wide","
Curl your torso up and rotate to the left
Reach the right arm straight
The other arm stays behind the head
","Exhale to curl up, inhale to return to center, repeating on both sides with control."," Move with steady segmental control as you lift and lower, keeping arms active and stable. Maintain even weight through both feet and avoid rushing the descent. ","Caution: Lift with control, keeping your pelvis stable and ribs gently drawing down as you curl. Maintain steady breath and focused abdominal activation. Avoid compensation through the neck, hip flexors, or momentum.",,,,,,,
30,Figure 4 -1,Left,2,REPS,10,"Works: Glutes, hamstrings, hip rotators
","Improves hip mobility, relieves tension, and supports joint flexibility.","Were taking the elevator from the basement all the way up to the penthouse. Pause at the top to enjoy the view,then glide down","Lying on your back in neutral spine, with both knees bent
one foot on wall at 90 degrees
other leg crossed over with ankle just above the opp","From your Figure 4 position, lift your arms up to 90 degrees
Lift the into the bridge
Articulate the spine down
Bring arms to your sides","Inhale to lift into bridge, exhale to articulate down through the spine with control.

Voice chat ended
9s","8Tips: Press evenly through the working foot and keep hips level as you lift. Engage glutes and core for support, then articulate down slowly with controlled, even alignment.","Avoid pressing into the knee joint or forcing the stretch, keeping the comfortable and controlled to prevent strain in the hips or knee.",,,,,,,
31,Heel slides 1,Basic,1,REPS,10,"Works: Pelvic stabilizers, abs, hamstrings.","Improves hip mobility, builds core stability, and supports controlled, coordinated .","Reach the leg long like your showing off your new pedicure, then slide it back with control and style","Lying on back in neutral pelvis
Both knees are bent hip width apart in parallel
Hands on wall about 6 inches up with elbows bent","
Start with both knees bent
Side on foot out to straight
Bring the same leg back in
Alternating sides","
Inhale to prepare
Exhale as you lengthen the leg out along the floor
Inhale to hold with leg extended
Exhale to draw the heel back to starting position"," Move with steady control, maintaining awareness of your pelvis and ribcage as the leg slides in and out. Prioritize alignment of the hips.Keep pushing the hands into the wall."," Caution:Move with intentional control and avoid letting the pelvis rock or ribs flare. Stay in a pain-free range and monitor alignment through hips, knees, and ankles.",,,,,,,
32,combo6,,,,,,,,,,,,,,,,,,,
33,Wall Sit 1,Basic,1,,hold,"Quads, glutes, posture","Builds lower body strength, improves endurance, and supports postural stability.","Think of settling into strength, like your legs are doing the work so your upper body can stay calm, lifted, and effortlessly supported.","Think of settling into strength, like your legs are doing the work so your upper body can stay calm, lifted, and effortlessly supported.",Slowly slide your back downward until your knees are bent to about 90 degrees (or as close as possible)  start with a small amount and build into longer times,, Begin with strong core activation to support your spine and maintain even weight through both feet. Keep knees tracking over toes and move into the hold with control.and precision.  ,"Caution: Stay intentional and monitor alignment throughout the hold. If you feel foot, ankle, or knee discomfort, reduce range of motion.",,,,,,,
34,Bridge 2,Articulated,1,REPS,10,"Works: Glutes, hamstrings, spinal extensors
Benefits: Opens hip flexers, reducing tightness fro sitting","Improves spinal articulation, strengthens glutes, and enhances pelvic control.","As you lift, imagine a strand of lights turning on one by one from your tailbone to your chest. Each light switches off as you lower","Lying on your back in neutral spine Feet on wall at 90 degrees
Legs hip width apart in parallel.
Arms to your sides","
Press into your feet
Slowly peel your spine off the mat one vertebra at a time
Lift hips
Pause at the top, then melt down one vertebra at a time
Let the tailbone settle heavy on the mat",," Articulate up one vertebra at a time from the tailbone,rolling through the low backwithout thrusting, then soften down sequentially with control.Tailbone is last.","Don’t let the ribs flare, keep knees in line with hips, keep the neck long, don’t over arch back",,,,,,,
35,combo7,,,,,,,,,,,,,,,,,,,
36,Reach Crunch,,,REPS,,"Works:Abs, quadriceps, back extensors","Strengthens core, improves coordination, and supports balance and control.",Imagine you have a strong magnet on your elbow and the opposite knee. The magnets pull you into a crunch,"Standing facingout with your back on the wall in neutral spine
Legs are hip widt apart  and parallel
Arms are out ti the side in T position, with palms facing back



","
Bend one knee and bring in to your opposite elbow
Rotate slightly through your torso
Return to standing tal 
l Other side","
Inhale to prepare
Exhale as you bring your elbow towards the knee
In hale to stand tall","Lift the knee and rotate the torso with control, keeping the spine tall and core engaged to avoid collapsing or pulling through the neck.","Avoid pulling through the neck or collapsing the chest as you rotate, keeping the controlled and aligned to prevent strain and maintain proper form.",,,,,,,
37,Lunge into marching,Left,1,REPS,10,"Works: Quaddriceps, hamstrings, calves",,"Your at the starting line of a race-push off the back leg drive the knee forward like a sprinter. Quick, strong and unstoppable",,"
From your lunge position with your right leg back
Drive your right knee forward and up towareds


","
Inhale to prepare
Exhale as you bring the knee up
E

In","Press through the standing leg as you lift the back knee forward, keeping the pelvis steady and core engaged to maintain balance and controlled","Avoid pushing off the back foot or swinging the leg forward, keeping the controlled to prevent strain and maintain balance and alignment.",,,,,,,
38,Figure 4 standing,Balance,2,,hold,"Works:Gluts, hip rotators, ankles, calves
Benefits:Opens tight hips, strengthens standing leg, eases low back tention","Works:Gluts, hip rotators, ankles, calves
Benefits:Opens tight hips, strengthens standing leg, eases low back tention","Pearch like your reasting on a branch-steady and light, but strong enough to hold your balance. ","Standing facing out from wall in neutral spine
Legs are hip width apart in paraelle with knees bent
Arms down to your sides

","From your starting position, knees bent
Shift your weight to standing leg
Cross your ankle over the opposite thigh to create a 4 shape. Return to starting position.
Other side",,"  Stand tall against the wall, root through the standing foot, hinge slightly at the hips, and keep the hips squared forward as the lifted knee gently opens."," Caution:Work in a pain-free range in both the standing leg and the bent knee. It should feel stable, not strained. Don’t force depth; reduce  range of motion.",,,,,,,
39,Heel rasies 4,In Plank,1,REPS,20,"Works: Calves, shoulders, feet ,anklles","
Benefits: Improves balance, supports better posture, enhances endurance","Think of your heels as springs-steady as they press down, buoyant as they rebound up","Formarms on the wallelbows bent shoulder height
Keeping heels on the floor
Pisition yourslef in mini plank 

fff
lll","
From plank position 
Lift your heels
Lower the heels



","
 Inhale to prepare
Exhale as you lift the heels
Inhale as you lower the heels","In a small plank, maintain strong core support and steady shoulder stabilization. Feel the integration of breath and as your heels lift, keeping the body long.","Caution: As your heels lift in plank, avoid sagging into the low back. Secure the spine by engaging abdominals, inner thighs, and glutes. strong with alignment.",,,,,,,
40,Combo8,,,,,,,,,,,,,,,,,,,
41, |Back Extension,with increased range,2,REPS,10,"Works: Spinal extensors, posterior chain, deltoids
","
Benefits: Enhances posture, opens chest, improves spinal mobility","Press into the wall like you own it and lift that proud chest.Your not just standing tall, you’re opening up space for your power Sp","Facing away from the wall
Forarms on the wall
Feet hip width apart in paraelle
fff
l","
Press formarms firmly into the wall
Draw the shoulder blades down
Lift the chest



","
 Exhale to prepare
Inhale a you lift the chest into extiosion
Exhale to return","Lift into back extension with length through the spine. Maintain abdominal support, broaden the ccchest,pandpcreatelllllllllcontrolled,intentional lift while keeping the neck long.","Caution:Avoid dropping into the lower back or crunching the neck. Keep abdominals engaged, lengthen through the spine, and move within a comfortable range. tomaintain supportive alignment.",,,,,,,
42,Side bend 2, leg cross,2,REPS,10,"Works: Obliques, Lats, QL                                                                    ","                                                                   Benifits; Improves spinal mobilty, relieves tention in low back, encourages deeper breatinng,betterposture",Imagine your arm is a sail of a boat catching the wind as you arc to the side,"Stand sidways to the wall
Hand on wall with elbow bent,other arm is straight up
Outside foot is crossed over
","Standing tall ,bent your knees, shift your weight  onto your left leg.
Lift your right leg and cross over to left thigh, just above the knee, creating a “ figure 4 shape”","
Exhale to prepare
Big in hale as you reach over to the wall",. Avoid collapsing into the supporting side or twisting the torso. Keep the controlled and pain-free. Maintain abdominal support to protect the spine from strain.,"Avoid collapsing forward or rotating the torso as you side bend, keeping the in one plane to prevent strain and maintain proper alignment.",,,,,,,
43,Heel slides 1,Basic,1,REPS,10,"Core, hip flexors, stability","Builds core stability, improves hip control, and supports smooth .","Imagine your leg moving like it’s sliding through thick sand, slow and steady, while your core holds everything quietly in place.","Lie on your back in neutral spine, hands on the wall about six inches off the floor, legs parallel and hip-width apart.","Slide one heel slowly away from your body along the floor, extending the leg while maintaining neutral pelvis, then draw it back in and alternate sides.","Inhale to slide the heel away, exhale to draw it back in.

Alt (slightly more polished):
Inhale as the heel glides out, exhale to return it in with control."," Maintain core activation and steady pelvic alignment as the heel slides in and out. Think about the integration of breath with to support smooth, controlled motion.",Caution: Maintain proper leg alignment throughout the and prioritize form. Avoid letting the knee roll inward or outward.,,,,,,,
44,Leg Circles,,,,,,,,,,,,,,,,,,,
45,combo9,,,,,,,,,,,,,,,,,,,
46,Ad and abduction 2,with pulses,2,REPS,,"Works: Core stabilizers, glutes, TFL
","
Benifits: Builds endurance in the hips, enhances lateral ",Imagine your leg as a spark of energy. With each littlr pulse that spark flickers bribhter,"Facing the wall in neutral spine
Legs hip width apart in paraelE
Hands on wall a little under shoulder height, with elbows bent","From starting position bring the leg in past midline
3 pulses in
Swipe the leg out and do 3 pulces out","Inhale as you sweep the leg across midline
Exhale for the 3 pulses
Inhale as you sweep the leg out
Exhale for the 3 pulses out","Keep hips level and pelvis steady as the leg moves; make the pulses small and controlled, maintaining constant tension without letting the shift your torso.","Avoid letting the hips rock or lower back arch as the leg moves; keep pulses controlled and stay within a pain-free, manageable range.",,,,,,,
47,Leg Swings 1,Basic,2,REPS,10,"Works:Hip flexers, hip stabilizers "," Benefits:Improves hip mobility, challenges balance, loosens stiffness in hips","Think of your leg like a swing at the park-playful,free, and full of energy","Standing to the side of the wall in neutral spine
Legs are hip width apart in parallel
Hand on wall a little under shoulder height with elbow bent
Other arm is out to your side

","
Stand tall with your standing leg  grounded
Bend the moving kneeand swing the leg forward and back","
Inhale to prepare 
Exhale to swing the leg forward
Inhale to swing the leg back"," Maintain core support as the leg swings forward and back. Allow controlled momentum with a smooth rhythm, keeping the pelvis steady and intentional."," Caution:Avoid excessive momentum. Keep the torso tall and stable as the leg swings. If the upper body starts moving or twisting, slow down and regain control.",,,,,,,
48,corkscrew 2, straight legs,2,REPS,10,"Works: Abs, obliques, spinal stblizers
Benefits: Core strenght, spinal mobilty and stability, releaves low back stifness","Works: Abs, obliques, spinal stblizers
Benefits: Core strenght, spinal mobilty and stability, releaves low back stifness","
Im agine your legs like the tip of a compass drawing a perfect circle on a map","Lying on your back in neutral spine
Legs up at 90 degrees-glued together in parallel
Hands on wall about 6 inches from floor with elbows bent","
With both legs extended towards the ceiling, 
Circle the legs down to one side creating a half circle
Sweep them from down to center completing the circle","
Inhale for the first half of the circle
Exhale for the second","Keep both hips grounded for stability as you circle, legs long and connected, using your core to guide small, controlled without momentum.","Avoid lifting the hips or twisting through the lower back; keep the pelvis stable, control the range, and stop if you feel any strain or discomfort.",,,,,,,
49,Bicycle,Left,2,REPS,10,"Works: Abs, quadriceps, hip flexers
","
Benefits: Improves hip mobility, can support pain relief, builds core strength",Picture yourself pedaling through fresh air on a sunny day. Each smooth stroke clears your head and loosens the hips,"Lying on your back in neutral spine
One leg is up at 90 degrees, the other leg is bent
Both legs are in a slight turn-out
Hands on wall about 6 inches from floor=r, with elbows bent","
Lie on your back with one leg extended up
The other knee is bent towards your chest
Slowly extend he straight leg down
",,"Maintain alignment as the legs cycle. Move with steady control so each position feels intentional and organized, allowing the to stay smooth, and precise.andwelcoordinated.","Maintain alignment as the legs cycle. Move with steady control so each position feels intentional and organized, allowing the to stay smooth, and precise.andwelcoordinated.",,,,,,,
50,combo 10,,,,,,,,,,,,,,,,,,,
51,Second position 2,with heel lifts,2,REPS,10,"Works: Quaddiceps, adductors, calves
Benifits:Strenghens legs, improves hip mobility, enhances balance","Works: Quaddiceps, adductors, calves
Benifits:Strenghens legs, improves hip mobility, enhances balance","Press into the floor wide and grounded,then rise tall as if the ground is pushing you up toeard the sky","Facing out from wall in neutral spine
Legs are wide outo the side, with a slight turn-out
Arms are to you side

","
Bend your knees into a wide squat
Lift heels still in the squat,your on the balls of your feey
Rise tall push through your legs to stand all the way up
Lower heels","
Inhale to bend your knees
Exhale to rise all the way up
Inhale at the top 
Exhale to lower heels"," Maintain tall posture, knees tracking over toes. Lift your heels with control, engage inner thighs and core, then lower heels slowly.","Avoid lifting your heels so high that they become unstable or wobbly; keep ankles aligned, move with control, and maintain a steady, supported balance.",,,,,,,
52,Side Bend 3,with push off,2,REPS,10,"Works:Obliques, QL, shoulder stabilizers
","
Benifits:Builds functional strenghtimproves spinal mobility","As you side and press, its like compressing a spring,release the push and rebound up with lightness and power","Standing sideways to the wall
Hand on wall just below shoulder height with elbow bent
Outside arm is straight up
Cross the outside foot in front of the inside foot

","
From your starting position reach the top arm overhead side bend toward wall
Press off with your inside hand 
At the same time uncross the outside foot
Step into parallel standing tall","
Big inhale to reach over to the wall
Exhale to rebound to center","  Use the push from the wall to help you rise tall. Keep hips stacked, move with control, and maintain smooth alignment as the arm and leg coordinate.","Cautain:Avoid pushing off the wall too forcefully. Keep the controlled, maintain balance and alignment, and prioritize stability as you return to standing.",,,,,,,
53,Wall sit 2,on one leg,2,,hold,"Works:Quadriceps, core, calves
","
Benifits:lower body strenght, improves balance, can reduce knee and lower back pain","Imagine your on ta balance beam now-solid through your core, steady on one leg ,and the other lifted like its no big deal","Back against the wall,with knees bent
Legs are hip width apart, in parallel
Arms are down to your sides

fff
lll","
 Start in wall sit 
Shift you weight into your standing leg
Press into the grounded foot 
Lift the opposite foot off the floor
lower leg

 



g","
 Inhale as you lower into wall sit
Exhale as you lift the leg","Shift your weight intentionally into the standing leg before lifting the other. Maintain alignment through hips and torso, and keep the controlled to support balance and stability.","If you feel wobbly or unstable, shorten the range of motion. Make sure you feel secure and well-stabilized before holding the position.",,,,,,,
54,combo 11,,,,,B,,,,,,,,,,,,,,
55,hey girl,,,,,,,,,,,,,,,,,,,
56,Hundreds 2,legs  at 45,2,REPS,100,"Works: Core, quariceps, shoulder stabilizers
","
Benifits:Expands lung capacity, builds deep abdominal strenght, strengthens hips","Picture yourself like a bongo drum -your arms pumping out a steady beat, and your core is a strong, steady rhythm behind it all


.","Lying on your back
Legs are glued toghter at 45 degrees
Arm are to your sides","From starting position
Curl your head ,neck and shoulders slightly off the mat
Extend both arms palms facing down 
Pump the arms up and down about 6 inches","Inhale for 5 counts
Exhale for 5 counts
Repeat for 10 full cycles=100 pumps",Reach the legs long down the wall and maintain alignment through the pelvis as you pump the arms. Move with control and steady rhythm rather than tension.,"Caution:If you feel neck strain, lower your head down for support, keep the shoulders relaxed and continue the arm pumps.Avoid rocking or shifting. Walk the hands smoothly up and down the wall with control. Maintain strong shoulder stability and steady alignment as you move through each repetition.",,,,,,,
57,Pushups 2, deeper,2,REPS,10,"Works: chest (pectorals), shoulders (deltoids), arms (triceps)
","
Benefits: Improves posture, supports joint health, easemenopause symptoms",Imagine you’re climbing rung by rung—each hand step takes you higher with control.,"Stand facing the wall.

Place your hands on the wall with straight arms, slightly below shoulder height.

Legs are parallel, hip-width apart.

","Bend your elbows, lowering your chest toward the wall into a push-up position.

Press away from the wall, then walk your hands up — 1, 2, 3, 4 — and back down — 2, 3, 4.

Maintain a slightly planked position the entire time, keeping your body in one long line.","
Inhale to prepare.
Exhale to bend your elbows.

Inhale as you walk your hands up, two, three, four.
Exhale as you walk your hands down, two, three, four.",Walk the hands smoothly up and down the wall with control. Maintain strong shoulder stability and steady alignment as you move through each repetition.,Caution:Avoid letting your lower back sag as you walk your hands up and down the wall. Protect your spine by engaging your abdominal maintainin alignment.,,,,,,,
58,Hip Opener 3, controlled  hip rotation,2,REPS,5,"WORKS: hip flexors, glutes, obliq","

BENEFITS: strengthens legs, improves balance, enhances posture, increases mobility","“Move like honey—smooth, slow, and controlled. Feel the warmth and flow as your hip melts into each curve of the figure eight.”","Begin standing in neutral spine with feet parallel, hip-width apart; place one hand lightly on the wall for support while the opposite arm extends out to the side.","Lift the knee forward, open it out to the side, sweep it down and slightly back, then circle it up again, tracing a smooth figure-eight pattern.","Inhale to lift the knee forward, exhale to lower it down and back; inhale to lift again, exhale to return with control.","Keep your torso upright and pelvis steady as the leg moves; make the figure eight smooth and continuous, focusing on control and precision rather than range.","Avoid letting the hips hike or the torso sway as the leg circles; keep the controlled, maintain alignment, and stay within a comfortable range.",,,,,,,
59,combo12,,,,,,,,,,,,,,,,,,,
60,Pushup 3,stability hold,2,,hold,"WORKS: chest, triceps, core
","
BENEFITS: improves upper-body strength, enhances shoulder stability, boosts balance and body control","think of your body hanging from invisible cables, everything tight and lifted, supported evenly","Stand facing the wall

Arms straight, hands on the wall just below shoulder height

Legs hip-width apart, in parallel

Maintain a neutral spine

Keep shoulders relaxed and core lightly engaged
","

Bend both elbows into push-up position.

Reach one arm out to the side and hold.

Return it to the wall.

Switch sides and repeat.","Inhale to prepare.
Exhale as you bend your elbows and move into the hold position.
Inhale 2, 3, 4 to maintain the hold.
Exhale 2, 3, 4, 5 as you deepen the work or hold as long as comfortable, then switch sides","  :Maintain strong alignment as you press. Keep your hips square to the wall, distribute weight evenly through your supporting arm, and move slowly with steady control.","Caution:   Use precise control. If you feel unstable or lose alignment, shorten the range of motion. Prioritize strong form over depth.",,,,,,,
61,Leg Swings 2, straight leg,2,REPS,10,"Works: Core stabilizers, glutes, hamstrings.","
Benefits: Hip mobility, energy boost, postural alignment",,"Standing sideways to the wall, in neutral spine
Hand on the wall slithly lower than shoulder height with elbow bent.
Legs are parellel hip wigth apat.

","
Fromstarting position 
swing your leg forward in a smooth motion
Swing leg back in a smooth motion
","
Inhale as you swing tghe leg forward
Exhale as you swing the leg back","Keep torso tall and steadt, let the leg swing freely from the hip, aim for smooth ,even arcs from the hip","Avoid swinging the leg with momentum or letting the lower back arch; keep the controlled, pelvis steady, and stay within a comfortable range.",,,,,,,
62,dead bug standing,,2,,hold,"WORKS: hip flexors, abs, quadriceps

","

BENEFITS: strengthens core stability, improves coordination, enhances postural control against the wall","As you lift your leg, imagine a string pulling your kneecap up from the ceiling, smooth and effortless.”","• Begin in a wall-sit position.
• Arms are straight ahead at shoulder height.
• Head, ribcage, and sacrum are gently touching the wall.
• Legs are hip-width apart and parallel.
","
Begin in a wall sit position with arms extended straight ahead.
Shift your weight slightly into your standing leg.
Lift the opposite knee toward hip height while maintaining your back connection to the wall.

Lower the leg with control and switch sides.","
Inhale to prepare

Exhale to lift the leg

Inhale to lower it back down

Keep the breath smooth and continuous — not a long hold","Begin standing in neutral spine, shift your weight into your standing leg, and find a steady base before lifting the opposite leg and arm.","Avoid arching the lower back or shifting side to side; keep your core engaged, pelvis stable, and move with slow, controlled coordination.",,,,,,,
63,Lunge 2,Stability lunge,2,REPS,10,"WORKS: quadriceps, glutes, core

","

BENEFITS: strengthens legs, improves balance, enhances posture, increases mobility","Easy down, effortless up. Let the feel smooth, not forced. Imagine you’re gliding on air, lifted by lightness rather than effort.","Stand facing away from the wall with your hands on your hips.
Place one foot on the wall behind you with the knee bent.
Keep both legs parallel and your standing leg directly under your hip.

Maintain a neutral spine with your head, ribcage, and pelvis aligned.
","Movent
Bend your front knee and lower straight down, keeping your back heel light.
Press through your front heel to rise back up to standing.

Repeat, keeping hips square and slow and steady.


","
Inhale as you lower down
Exhale to come up","Maintain steady alignment as you bend and straighten the standing leg; press the wall foot gently for support and move with slow, controlled precision.","Caution: Work in a pain-free  If discomfort appears, reduce the range or adjust your position.",,,,,,,
64,Hundreds 3, Lower legs,3,REPS,100,"Works: Abs, hip flexors, and spinal stabilizers.
","
Benefits: Improves circulation and posture, supports calm breathing, eases stress and tension related to menopause, enhances overall body awareness.","Picture your legs as long and light, stretching from your center.
Energy flows through them, steady and effortless, as if you could stay here forever.","Lie on your back in neutral spine.

Place your feet about six inches up from the wall.

Keep your legs glued together in parallel.

Rest your arms by your sides.","

Curl up into your C-curve.

Lift head, neck, and shoulders off the mat.

Begin pumping the arms, keeping the motion small and controlled.

Arms move about six inches up and down, palms facing down.

Maintain steady rhythm and core engagement throughout.","Take a slow inhale for 2, 3, 4, 5 and a slow exhale for 2, 3, 4, 5.

The arms are pumping at half-time to the breath, keeping the rhythm steady and controlled.

Complete 10 sets for a total of 100 counts.","Maximize your breath capacity—inhale deeply through the nose, then exhale fully through the mouth. Let the breath drive the rhythm and support endurance.",Avoid lowering the legs so far that your lower back lifts or strains; keep the abdominals engaged and raise the legs if needed.,,,,,,,
65,Bridge 7,leg swipe,3,REPS,10,"Works: glutes, hamstrings, core

","

Benefits: strengthens the hips and back, improves posture and stability, supports better circulation","Your leg is a flag lifting tall, fluttering out with control, then returning to center. Keep your hips steady like the flagpole.","Lie on your back in a bridge position with your feet pressing into the wall.

Knees are bent to about 90 degrees, hips lifted so your body forms a straight line from shoulders to knees.

Arms are long by your sides, palms down, and your spine is in neutral.","Start in your bridge position with feet on the wall and arms to your sides.

Lift one leg up to 90 degrees, keeping hips level.

Take the leg out to the side away from midline, maintaining control.

Bring the leg back to 90 degrees and repeat before switching sides.","Exhale in bridge

Inhale lift the leg to 90

Exhale out to the side

Inhale pause

Exhale bring it back to center"," Keep the hips level as the leg circles. Maintain breath in motion to support stability, refining the circle with control and precision each repetition."," Caution:Avoid letting the hips twist or drop as the leg circles. If the pelvis shifts or wobbles, make the circle smaller to maintain control.",,,,,,,
66,Heel Slides 3  |  Double legs,,2,REPS,10,"abdominals, hip flexors, quads","abdominals, hip flexors, quads","Tides at the Shore – one wave comes in as the other flows out, a continuous ebb and flow.","Lie on your back in neutral spine.

Legs are hip-width apart and parallel.

Hands are on the wall about six inches up.

Elbows are slightly bent, shoulders relaxed.","
Start with both legs extended straight out from your body

Pull both knees in toward your chest

Reach both legs out again to the starting position","
nhale to prepare

Exhale to bring both legs to center

Inhale to return the legs back out"," This is the most advanced heel slide. Press both legs out evenly, maintain alignment, and return slowly with controlled, precise .", Caution:Keep a neutral spine and pelvis as the heels slide. Avoid arching or tucking the lower back; maintain steady alignment of heels and controlled .,,,,,,,
67,Double Leg Lift,,3,REPS,10,"Works:
Abdominals, hip flexors, core stabilizers 
","
Benefits:
Improves core control and stability, supports healthy spine alignment.","move like you’re gliding through warm water—calm, fluid, and strong. Keep the control smooth both ways, letting the warmth support your strength.","Lie on your back in neutral spine.

Legs are glued together and lifted to 90 degrees.

Hands press gently into the wall about six inches up, elbows bent.","Start with your legs lifted to 90 degrees.

Lower both legs together, keeping your pelvis neutral and back stable.

Bring your legs back up to 90 degrees with control.","
Inhale to lower your legs, feeling length and control.

Exhale to bring them back up, drawing strength from your center.

Let the breath guide your —steady, supported, and strong.","Lower both legs with control, then draw them back to 90° using your abdominals, as if dragging the legs upward from your center.","Caution:Keep your pelvis neutral as both legs lower and lift. If your back arches or your pelvis shifts, reduce the range of motion. Move with control.",,,,,,,
68,combo 14,,,,,,,,,,,,,,,,,,,
69,fROGS 2       WE NEED A 5 PICTURE FOR THIS |  Right,,2,REPS,10,,,,,,,,,,,,,,,
70,Frog 3  need a 5  for that too    |  Left,,,,,"Works: Core, shoulders, lats
","Strengthens inner thighs, improves hip mobility, and enhances control and coordination.","Imagine your body is a strong, steady bridge bridge over a river. Gently the foot lifs up like a leaf on the river","Forarms in a plank position with shoulders ove elbows
Neutral spine witg gaze down
Feet on wall hip width apart in parealle

fff
lll","Improves inner thigh strength, hip mobility, and controlled coordination.","Inhale to prepare, exhale to extend the legs up; inhale for the three heel clicks, exhale to bend and return to start.",Focus on engaging the inner thighs and deep rotators rather than forcing the heels to touch; keep the pelvis steady and prioritize connection over range.,"Avoid forcing the heels together or pushing into the knees; keep the controlled, maintain pelvic stability, and stay within a comfortable range.",,,,,,,
71,Single Leg up and down    Right,,1,REPS,10,"Works: core, lower abdominals, hip flexors
","
Benifts supports spine alignment, and helps ease tension often felt during menopause.","“Think of your legs like pistons—one stable, the other moving with precision and control.”","Lie on your back in neutral spine.

One knee is bent at tabletop, the other leg extended straight up at 90 degrees.

Both hands press against the wall about six inches up, elbows bent.","From your starting position.

Engage your core to keep your pelvis neutral.

Bring the straight leg down with control.

Return the leg back up to 90 degrees.","Inhale to lower your leg with control

Exhale to bring it back up to 90 degrees

Keep the breath smooth and steady, matching and breath for precision and flow","Inhale to lower your leg with control

Exhale to bring it back up to 90 degrees

Keep the breath smooth and steady, matching and breath for precision and flow"," Caution: If your shoulders feel uncomfortable, adjust your hand . Move the hands slightly higher or wider on the wall to find a more comfortable angle.",,,,,,,
72,Leg Cirles 2 |  Left,ee,2,REPS,10,"Works: core, hip flexors, inner thighs
t","

Benefits: improves hip mobility and core control, enhances coordination and balance, promotes smooth and fluid leg motion for graceful ","Imagine your toes tracing a perfect glowing sun on the ceiling, steady and radiant.","Lie on your back in neutral spine.

Both legs are straight — one on the floor, the other lifted to 90 degrees.

Place your hands on the wall about six inches up from the floor.

Keep your elbows softly bent.
fff
lll","Keep your leg straight and your hip anchored to the mat.
Slightly cross the midline of your body without letting the hip lift.
Reverse
Sweep the leg out to the side, keeping control through the range of motion.

Return to center, stopping at 90 degrees.

Reverse the direction, maintaining a steady pelvis and smooth motion.


ddlfl;dk","
First direction:

Inhale as you cross midline

Exhale as you take the leg out to the side and return to center

Reverse direction:

Inhale as you take the leg out to the side

Exhale as you bring it down and up to center",Focus on the non-working leg pressing firmly into the floor. Keep it long and grounded to stabilize your pelvis as the other leg circles.,Caution:Avoid compensating through the hips. Keep the pelvis quiet and stable so the stays isolated in the working leg.,,,,,,,
73,combo 15,,,,,,,,,,,,,,,,,,,
74,Curl up 2 |  Left,,2,REPS,10,"Works:Glutes, hamstrings, core. ",". Benifits Improves posture and circulation,  and boosts mood and energy.","“Picture your upper body spiraling up out of your center, light and strong.”","Feet on the wall in tabletop position

Hands behind your head, elbows wide
In neutral spine","

From your starting position, rotate your torso to the left.

Reach your right arm on a diagonal toward your left knee.

Continue curling up through your upper body, deepening the contraction as you reach.","
Inhale to prepare.

Exhale as you twist.

Inhale to return to center.

Exhale as you twist to the other side."," Keep your legs firmly planted on the wall and focus on a deep abdominal scoop. Lift head, neck, and shoulders smoothly, maintaining control without pulling on the neck.",Caution:Avoid lifting the shoulders toward your ears as you curl up. Keep the neck long and the head supported to prevent unnecessary tension.,,,,,,,
75,combo 16,,,,,,,,,,,,,,,,,,,
76,Hey girl,,,,,,,,,,,,,,,,,,,
77,Kicks facing out  |  Left,,3,REPS,10,"Works: posterior chain (glutes, hamstrings, core).
",".
Benefits: Builds balanced strength through the back of your body, improves alignment, and supports healthy posture.","Channel your inner Rochette.
Kick with precision, sparkle, and just a hint of showtime flair.","Stand facing away from the wall, heels a few inches out.

Legs are parallel and hip-width apart.

Press the back of your head and shoulder blades gently into the wall.

Extend your arms out to the sides in a T position, palms facing backward.","

From your standing position, kick one leg forward at hip height, then lower it with control.

Alternate legs in a smooth, rhythmic motion, keeping your upper body tall and steady against the wall.

Think length and precision—each kick extends energy through your toes without locking your knees.","
Inhale to prepare.

Exhale to kick the leg up.

Inhale to lower it down.

Exhale to kick up the other leg, keeping the momentum strong and controlled."," Focus on length through the kicking leg and maintain a smooth, steady rhythm. Let the leg lift lightly, keeping the fluid and controlled.",Caution:Avoid locking the knee or snapping the leg up with momentum. Don’t let the hips twist or the standing leg lose stability. Move with control.,,,,,,,
78,Back Extension 3  |  Right,,3,REPS,10,"Works: posterior chain, glutes, hamstrings

","

Benefits: Builds strength along your back body, improves posture and hip stability, and enhances control through the lift and balance of one leg.","“Imagine you’re a marble statue coming to life.”
You lift your leg with control, every line precise,","Facing out, away from the wall
• Legs hip-width apart, in parallel
• Forearms on the wall with elbows bent","

Press your forearms into the wall as you lift your chest.

Extend one leg forward with a bent knee, keeping your chest lifted.

Return the leg and switch sides with control.","

Exhale to prepare

Inhale as you lift the chest and leg

Exhale to bring them down"," Keep the standing leg strong and grounded. A clear weight shift helps you lift the bent leg lightly while maintaining a tall, open back extension.","Caution:Avoid straining the neck or compressing the low back. Keep the back extension moderate and supported by the back muscles, not forced.",,,,,,,
79,Bridge 5 |  walking,,2,REPS,10,,,"“Imagine your feet tiptoeing over warm sand” — light, controlled, and rhythmic.",,,," Use strong glute engagement and full posterior support to stabilize the bridge while the feet travel, keeping the hips lifted and steady.","Cautain:Avoid forcing excessive height in the bridge. Progress the wall walk gradually,keeping the hips stable and thespine supported to prevent lumbar compression.",,,,,,,
80,Teaser 1 |  Right,,3,REPS,10,"Works: glutes, hamstrings, core
","
Benefits: improves balance, strengthens the posterior chain, and supports better posture","“Rise like a kite catching wind—steady, strong, and balanced by your core.”","Lie down on your back with a neutral spine.

Extend your arms out to the sides in a T position, palms facing up.

Legs are lifted about 45 degrees from the floor, in parallel.","Begin lying on your back with your arms at your sides, palms facing down.

Bring your chin toward your chest as you lift your head and shoulders off the mat.

As you rise, reach your arms forward and slightly upward, continuing to roll through your spine.

Come into your teaser shape, with your arms parallel to your legs and your legs extended at about a 45° angle.

From the top, roll down with control, keeping your arms reaching forward until your shoulders and head return to the mat.","
Inhale to prepare, feeling length through the spine.

Exhale as you roll up into your teaser, connecting through the core.

Inhale at the top to find lift and balance.

Exhale to roll down with control, bone by bone.","Press the shoulders down to support the lift, engage the core before moving, and roll up with control, keeping the smooth and connected.","Avoid using momentum or “heave-ho” to get up; if you can’t reach the full position, work within a smaller range and build strength gradually.",,,,,,,
81,combo 17,,,,,,,,,,,,,,,,,,,
82,Leg Curls 2 |  Left,,2,REPS,10,"Works: hamstrings, glutes, core
","
Benefits: strengthens the back line of the body, builds stability through the shoulders and trunk","“Picture your body as a long, sleek line of energy, your leg curling in to fire up the back of your body.","Start in a small plank with your forearms on the floor.

Elbows are directly under your shoulders or slightly lower.
Keep your body in one long, straight line from heels to head, with heels pressed down and core engaged.
Your body forms one straight line from head to heels, with your heels pressing down for stability.
","
Begin in a small plank with forearms on the wall and body in one straight line.
Bend one knee, drawing your heel toward your glutes.

Extend the leg back to the wall with control.

","
 Inhale to prepare.
Exhale to bring the heel toward the glute.
Inhale to lower the leg back down.","Keep your elbows light on the wall, maintain a steady line from head to heels, engage your core for stability, and move with smooth, steady control.",,,,,,,,
83,Spine Twist 2,,2,REPS,10,"WORKS: obliques, spinal rotators, deep core

BENEFITS: Builds strength and mobility through your waist. Helps you twist with control for better posture.",,"Picture your spine like a smooth slinky, coiling gently as you pulse — one, two, three — then uncoiling back to its full height.","Sit tall with your back straight and spine lifted.

Feet are pressed firmly against the wall, legs glued together.

Extend your arms out to the sides in a T position.

Palms face the wall, shoulders relaxed and open.
","With feet pressing into the wall and arms out to the sides, rotate your torso as far as you can, then take three small pulsing rotations slightly deeper before returning to center.","
Inhale to rotate.

Three short exhales to deepen the twist.

Inhale to return to center.

Exhale to pause and stabilize.

Inhale to rotate to the other side.",Focus on initiating the twist from your obliques and upper back. Keep both feet grounded on the wall so the stays above the hips.,Caution:Avoid twisting from the hips or letting one foot lift off the wall. Keep the controlled and supported through the waist.,,,,,,,
84,Teaser 2  |  Left,,3,REPS,10,"WORKS: abs, hip flexors, spinal extensors

BENEFITS: Builds core strength and improves balance and coordination.","Builds core strength, improves shoulder stability, and increases control during the roll-down phase.",. “Your arms are extensions of your center—lift them without losing the depth of your core.”,Your arms are extensions of your center—lift them without losing the depth of your core.”,. “Your arms are extensions of your center—lift them without losing the depth of your core.”,"
Inhale to prepare.

Exhale as you lift into your V-sit.

Inhale as your arms reach by your ears.

Exhale as you roll down with control.", Draw the shoulders firmly down your back and pull strongly into your abdominals. Let the core lift and support the position without gripping the neck., Draw the shoulders firmly down your back and pull strongly into your abdominals. Let the core lift and support the position without gripping the neck.,,,,,,,
85,combo 18,,,,,,,,,,,,,,,,,,,
86,Standing on one leg front|  Left,,3,,hold,"Works: glutes, hip flexors, core

","Strengthens hip flexors, improves single-leg stability, and enhances balance and control.","Hey girl, think of your leg as your balance dance. When it reaches front, it’s your moment to stand tall and lead with confidence.","Hey girl, think of your leg as your balance dance. When it reaches front, it’s your moment to stand tall and lead with confidence.","
Lift one leg out to the side, keeping both legs parallel.

Hold for a moment, staying tall through your spine and centered over your standing leg.

Keep your hips level and your balance steady.","Breathe naturally, maintaining a steady rhythm as you hold the position.","Stand tall through the supporting leg, engage your core, and keep the pelvis level as you hold, maintaining steady balance without gripping.","Avoid locking the standing knee or leaning into the wall; keep joints soft, pelvis level, and maintain controlled, stable alignment throughout the hold.",,,,,,,
87,Standing on one leg side |  Right,,3,,hold,"Works: glutes, outer thighs, core
","
Benefits: Builds hip stability and balance, tones the sides of your hips, and improves alignment.","When your leg sweeps to the side, you’re expanding your space — opening up to all the strength and balance surrounding you.","Stand facing the side with legs parallel.

Place one hand on the wall slightly below shoulder height, elbow softly bent.

Extend the other arm out to the side, also slightly below shoulder height.
","
Lift one leg out to the side, keeping both legs parallel.

Hold for a moment, staying tall through your spine and centered over your standing leg.

Keep your hips level and your balance steady.","

Inhale to prepare

Exhale to bring the leg up

Inhale at the top

Exhale to take it down", Lengthen through the standing leg and grow tall through the spine. Let the lifted leg float outward while maintaining steady hips and deep core support.,Avoid leaning into your standing leg or hiking the lifted hip; keep the pelvis level and avoid gripping through the outer hip or lower back.,,,,,,,
88,Standing on one leg Back|  Left,,3,,hold,,"Works: , hamstrings, back extensors

Benefits: Strengthens the back of the body for better balance andposture, improves hip stability,",“Visualize your back leg painting a line of energy behind you,"Stand to the side of the wall

Place one hand on the wall slightly below shoulder height

Keep your elbow soft

Extend the other arm out to the side
fff
lll","
Stand tall beside the wall.

Bring your outside leg back behind you, keeping both legs parallel.

Lower the leg down with control, maintaining your posture.


","
Inhale to prepare

Exhale to bring the leg back

Inhale at the top (or when the leg is extended)

Exhale to return to start","Lift up and out of your lower back as the leg reaches back, keeping the pelvis square and the standing leg strong without collapsing or gripping.",Avoid arching or gripping through the lower back as the leg lifts; keep the pelvis stable and move from the hip within a controlled range.,,,,,,,
89,Quad Stretch|  Right,,1,,hold,"Works: quads, hip flexors, core
","
Benefits: releases front-body tension and supports circulation and mobility during menopause.","“Imagine your lifted leg as a bowstring being gently drawn back—strong, steady, and full of controlled energy.”","Begin standing facing the wall in neutral spine with feet hip-width apart and parallel, placing your hands just below shoulder height for support.","Bend one knee and reach back to hold your ankle, drawing the heel toward your seat while keeping the knees aligned and torso upright.","Breathe naturally, allowing each exhale to deepen the stretch without forcing the position.","Keep the knees aligned and legs parallel, avoiding any hip hiking; stay tall through the torso and gently draw the heel in without forcing.","Avoid pulling the foot aggressively or letting the knee drift outward; keep the pelvis neutral and stay within a comfortable, pain-free range.",,,,,,,
90,combo 19,,,,,,,,,,,,,,,,,,,
91,Hey girl,,,,,,,,,,,,,,,,,,,
92,Roll Over  |  Left,,3,REPS,10,,"Improves spinal mobility, strengthens the core, and enhances control and articulation through the spine.","“Trace an arc on the ceiling with your toes, carving through the air with control and power.","Lie on your back in a neutral spine position.

Place your feet on the wall slightly higher than a 45-degree angle.

Keep your legs together and parallel.

Rest your arms by your sides with your palms facing down.","Lift legs to 90°.

Roll hips up and over, reaching legs toward the floor.

Lift slightly, then roll down with control.","
Inhale to prepare.

Exhale as you take your legs up and over.

Inhale to lift them slightly.

Exhale to roll down.", Use your breath to support the . Feel the abdominals deepen as the legs lift and roll over with control and connection.,Caution:Avoid throwing the legs overhead. Lift with control through the abdominals. Stop if you feel pressure in the neck or cervical spine.,,,,,,,
93,Bridge 8  |  walking with arms at 90,,3,REPS,10,"Works: glutes, hamstrings, core, shoulders

","

Benefits: Builds full-body control and coordination, strengthens the posterior chain, and challenges stability by adding arm engagement.","Be a bridge—steady, lifted, unshakable. Walk up with strength, down with control.","Begin in bridge with feet on the wall and hips lifted.

Arms press into the mat beside you, shoulders grounded and spine long.
","Start in your bridge position.

Lift your arms to 90 degrees.

Walk your feet up the wall for four counts.

Walk your feet back down for four counts.

Keep your hips lifted in bridge.","Inhale to lift the arms to 90.

Exhale to walk the feet up the wall, keeping the hips lifted.

Inhale to lower the feet down with control.", Focus on strong support through the back body. Glutes and hamstrings help maintain height and stability as the feet travel upward. Avoid shifting the load into your neck or shoulders.,"Strengthens glutes and hamstrings, improves spinal articulation, and builds control and coordination through dynamic footwork.",,,,,,,
94,NEED A 5 SPOT   twist 3 |  Left,,3,REPS,10,,,,,,,,,,,,,,,
95,Dead Bug 2,,3,REPS,10,"Works: glutes, hamstrings, core

Benefits: strengthens the posterior chain, improves pelvic stability, enhances coordination between upper and lower body for better balance and posture","Works: glutes, hamstrings, core

Benefits: strengthens the posterior chain, improves pelvic stability, enhances coordination between upper and lower body for better balance and posture","“As if invisible strings lift your limbs like a marionette—light, balanced, and perfectly still.”","Start in your bridge position with your arms lifted to 90 degrees, palms facing each other.

Feet are hip-width apart on the wall, knees bent at about 90 degrees.

Keep your ribs in, spine neutral, and gaze toward the ceiling.","From your bridge position with arms lifted to 90, lift one leg with the knee bent to tabletop.

Hold as long as you can, then lower the leg with control and repeat on the other side.
From your bridge position with arms lifted to 90, lift one leg with the knee bent to tabletop.

Hold as long as you can, then lower the leg with control and repeat on the other side.
From your bridge position with arms lifted to 90, lift one leg with the knee bent to tabletop.

Hold as long as you can, then lower the leg with control and repeat on the other side.","Once you lift the leg into your dead bug position

Inhale for 4 counts

Exhale for 5 counts

Continue as many rounds as you can while maintaining control"," Aim for full-body integration. Let the core, breath, and limbs coordinate so the feels supported, controlled, and connected.", Caution:Avoid letting the hips drop or the low back arch as the leg moves; maintain steady muscle activation through the glutes and abdominals. ovesllosinpelvicstability.,,,,,,,
96,combo 20,,,,,,,,,,,,,,,,,,,
97,Plank 2 |  Right,,3,REPS,10,"Works: core, glutes, shoulders
","
Benefits: builds stability and balance, strengthens postural support, and enhances overall body control and endurance","Imagine you’re a sleek arrow, your body a long, steady line from head to heel.","Start in a plank position with your feet pressing into the wall.

Place your elbows directly under your shoulders with your forearms flat on the mat.

Maintain a neutral spine, core engaged, and gaze down toward the floor

","
From your plank position with feet on the wall, lift one leg slightly off the wall, keeping the hips square and the core steady.

Lower it with control, then lift the other leg.

Keep your neck long and gaze down to maintain a neutral spine throughout.","

Once you lift the leg, inhale, one, two, three, four, exhale, one, two, three, four, five.

Continue for as many rounds as you can before switching sides."," Press firmly through your forearms and grounded foot as the other leg lifts, keeping the hips level and the abdominals active to maintain a steady plank.",Caution:Avoid shifting or twisting through the hips to compensate for the lifted leg. Keep the pelvis steady and maintain even muscle activation.,,,,,,,
98,Straddle 2  |  Left,,3,REPS,10,"Works: obliques, core, spinal stabilizers
","
Benefits: strengthens the core, improves rotation, builds balance","“Imagine you’re a starfish soaking up the sun, stretching wide and alive from the center out.”","Lie on your back in neutral spine, hips close to the wall

Legs are extended in a wide straddle against the wall

Arms reach out to the sides in a T position, palms up

Keep shoulders active and chest open
","

Start in your straddle position, hips close to the wall.

Reach one hand up toward the opposite leg, lifting through the chest and engaging the obliques.

Lower back down with control.

Repeat on the other side, alternating sides smoothly.","

Inhale to prepare,

Exhale as you reach your arm up,

Inhale to return to center,

Exhale to reach to the other side.","  As you reach toward the foot, keep refining the , focusing on steady hips and a controlled, lengthened straddle. Maintain a sense of lift through the torso.",Caution:Avoid forcing the stretch or bouncing toward the foot. Stay intentional with the and stop before the hips or low back begin to strain.,,,,,,,
99,combo 21,,,,,,,,,,,,,,,,,,,
100,Bridge 7 |  Left bridge 7 and 8 are te same,,3,REPS,10,,,"“Imagine your leg resting in tall grass, the wind carrying it gently away and then back to center.”",,,,,,,,,,,,
101,Chris Cross  |  Right,,3,REPS,10,"Works: obliques, core, hips
","s
Benefits: tones your waist, boosts circulation, supports hormonal balance during menopause","Picture your spine as a ribbon spiraling smoothly, guiding your elbow and knee toward one another with intention.","Feet on the wall, glued together, legs at about 45 degrees

Neutral spine, core engaged

Hands behind your head, elbows wide","
Curl head, neck, and shoulders off the mat as one leg lifts from the wall.

Rotate from your upper back, bringing your armpit toward the opposite knee.

Switch sides in a smooth, controlled bicycle motion, keeping the even and steady.","

Inhale for two twists, exhale for two twists.

Feel the rhythm: Inhale, inhale — exhale, exhale as you twist side to side.","Move from the waist rather than the elbow, rotating through the obliques while keeping the opposite leg actively pressing into the wall. Focus on a smooth rotation","Move from the waist rather than the elbow, rotating through the obliques while keeping the opposite leg actively pressing into the wall. Focus on a smooth rotation",,,,,,,
102,Plank 3,,3,REPS,10,"Works: chest, shoulders, triceps, core
Benefits: builds strength, improves posture, and boosts stability.","
Benefits: builds strength, improves posture, and boosts stability.",Think of pressing energy into the ground as you lift strong and steady.,"Legs glued together, feet on the wall

Neutral spine

Hands directly under shoulders

Arms straight","
Bend your elbows out to the sides, keeping your feet steady on the wall.

Press through your hands into the floor to straighten your arms, lifting through the chest and engaging your core.","
Inhale to bend your elbows.

Exhale to press through your hands and straighten your arms — think of that deep internal shower Joseph Pilates described, cleansing from the inside out."," Use the exhale to deepen core engagement as you press up, helping stabilize the plank and support the shoulders. Keep reaching energy through the heels. "," Use the exhale to deepen core engagement as you press up, helping stabilize the plank and support the shoulders. Keep reaching energy through the heels.",,,,,,,
103,combo 22,,,,,,,,,,,,,,,,,,,
104,Double Leg Lift ,,3,REPS,10,"Works: abdominals, hip flexors, quadriceps "," Benefits: builds core and leg strength, supports pelvic stability, and improves circulation during menopause","Imagine energy streaming through your legs, flowing all the way from your core to your toes as you lower and lift.","Lie in neutral spine, core engaged

Hands press into the wall about 6 inches up, elbows softly bent

Legs are straight and glued together, lifted to 90 degrees","From your starting position, lower both legs down together, keeping them glued and controlled.

Maintain a neutral pelvis throughout.

Bring the legs back up to 90 degrees, keeping the motion smooth and steady.","
Inhale as you take your legs down.

Exhale to bring them up.
Remember when we talked about breath in motion? This is a perfect time to apply that concept—let your breath guide and flow with your .","Engage your core to maintain a neutral spine—neither arching nor flattening. Move your legs with steady control, focusing on deep abdominal engagement for support.","Caution: Avoid overarching the lower back or straining the neck; maintain a gently lengthened lower back when curled, and keep the intentional.",,,,,,,
105,Heel Raises 5  |  Left,,3,REPS,10,"Works: calves, ankles, core stabilizers

","
Benefits: strengthens lower legs, improves balance and circulation
","Imagine your body as a long arrow shifting forward and back, steady and precise, guided by your core.","In a plank position with a neutral spine

Elbows directly under your shoulders

Forearms pressing into the ground

Feet firmly against the wall","
From your plank position, press through your toes to shift your body forward over your hands.

Lift your heels away from the wall, then press them back to touch the wall again.

Continue shifting forward and back in a smooth, controlled rhythm.","
Exhale to shift your weight forward, feeling your core engage and stabilize.

Inhale to bring your heels back to the wall.
Focus on a strong, controlled exhale — it powers the and deepens your core connection."," As the heels lift and lower, maintain a steady plank and stay present in the , letting strength build from the inside out. Think of lengthening your body.",Caution:Avoid dropping the hips or shifting your weight back. Keep the shoulders stable and away from your ears as you lift and lower the heels.,,,,,,,
106,Leg Curls 3 |  Right,,3,REPS,10,"Works: chest, shoulders, triceps, core","
Benefits: strengthens the back body, improves stability, supports alignment","“Imagine your heel sliding in like a zipper closing, smooth and controlled.”","
Forearms on the wall, elbows under shoulders

Legs extended straight behind you with heels down

Body in one long line, maintaining a neutral spine","
Draw your heel toward your glute, then extend back with control.","

Inhale to prepare

Exhale as you draw your heel toward your glute

Inhale to lower with control",Press the forearms firmly into the floor and keep your body long as you curl. Stay lifted through the core so the hips don’t sag or pike. , Caution: Avoid letting the hips sag or twist as you curl the heel toward your hip. Keep the shoulders stable and the core engaged .sothmovementstayscontrolled and supported.,,,,,,,
107,combo 22,,,,,,,,,,,,,,,,,,,
108,Heel Raises 5  |  Left,,3,REPS,10,"Works: calves, ankles, core stabilizers

","
Benefits: strengthens lower legs, improves balance and circulation
","Imagine your body as a long arrow shifting forward and back, steady and precise, guided by your core.","In a plank position with a neutral spine

Elbows directly under your shoulders

Forearms pressing into the ground

Feet firmly against the wall","
From your plank position, press through your toes to shift your body forward over your hands.

Lift your heels away from the wall, then press them back to touch the wall again.

Continue shifting forward and back in a smooth, controlled rhythm.","
Exhale to shift your weight forward, feeling your core engage and stabilize.

Inhale to bring your heels back to the wall.
Focus on a strong, controlled exhale — it powers the and deepens your core connection."," As the heels lift and lower, maintain a steady plank and stay present in the , letting strength build from the inside out. Think of lengthening your body.",Caution:Avoid dropping the hips or shifting your weight back. Keep the shoulders stable and away from your ears as you lift and lower the heels.,,,,,,,
109,Leg Curls 3 |  Right,,"2,3",REPS,10,"Works: hamstrings, glutes, core
","
Benefits: strengthens the back body, improves stability, supports alignment","“Imagine your heel sliding in like a zipper closing, smooth and controlled.”","Forearms on the wall, elbows under shoulders

Legs extended straight behind you with heels down

Body in one long line, maintaining a neutral spine","
Draw your heel toward your glute, then extend back with control.",,Press the forearms firmly into the floor and keep your body long as you curl. Stay lifted through the core so the hips don’t sag or pike. , Caution: Avoid letting the hips sag or twist as you curl the heel toward your hip. Keep the shoulders stable and the core engaged .sothmovementstayscontrolled and supported.,,,,,,,
110,Lunge 3|  Left,,3,REPS,10,"Works:
glutes, quads, core.",".Benefits:

Opens the front of the body for posture and balance

Builds strength and control through the legs and core","This is your power move — feel strong, open, and unstoppable.”","Stand facing away from the wall.
Place one foot on the wall, knee bent at 90 degrees.
Front leg is grounded with knee stacked over ankle.
Arms reach straight overhead, shoulders down and active.

Keep hips and shoulders squared forward, spine tall.

fff
lll","
Bend your front knee to lower into a lunge, keeping hips squared.
Press through your front heel to straighten and return to start, staying tall through your spine.



fg]sfpgs[fpsg

d
f
ddlfl;dk",": Inhale as you bend the knee and lower, exhale as you press through the foot and lift back up.",Activate your core and lengthen through the spine as your arms reach overhead. Move slowly and with intention through the lunge.,Avoid leaning your torso forward or gripping in the lower back as you bend the knee. Keep energy through the arms and maintain stability in the standing leg.,,,,,,,
111,combo 23,,,,,,,,,,,,,,,,,,,
112,Spine Twist 3 |  Left,,3,REPS,10,"Works: obliques, spinal rotators, hip flexors
","
Benefits: improves spinal mobility, builds core control, enhances posture",,"Sit tall with your spine long and core engaged.

Press your feet firmly against the wall, legs together.

Extend your arms out to the sides in a strong “T” position, palms forward.","From a neutral standing position with arms out to the sides, lift one leg slightly off the floor. Rotate your torso toward that lifted leg, then return to center before repeating on the opposite side, alternating sides.",,  Sit tall and lengthen through your spine before twisting. Keep the lifted leg active and initiate the twist from your waist and obliques. It’s okay if bend the knee to keep a straight spine.,"Caution:Avoid twisting from the hips or collapsing your spine. Keep your back tall, shoulders relaxed, and move the twist from your waist.",,,,,,,
113,Curl up 3 |,,3,REPS,10,"Works: upper abdominals, hip flexors, deep core stabilize","

Benefits: tones the waistline, supports posture, improves core control","Imagine your fingertips stretching toward a warm light just ahead, drawing your energy forward and up.","Hips very close to the wall

Legs extended up the wall together in parallel

Neutral spine

Arms by your sides, palms down for support","
Reach your arms forward as you curl your head, neck, and shoulders off.

Keep your gaze toward your knees and your ribs drawing in.","
Inhale to prepare

Exhale to roll yourself up

Inhale at the top

Exhale to roll down","“Hello?”
00:00

Hello! Let’s dive right in—what can I help you accomplish today?


“So this spreadsheet that I'm working on, I'd like to email it. I don't know how to do that.”
00:05

To email your spreadsheet, you typically have a couple of options depending on the format and platform. If it’s in Excel, you can save it as a file (like .xlsx or .csv) and attach it to an email via your email client (Outlook, Gmail, etc.). If you're using something like Google Sheets, you can directly share it via email within Google Sheets or download it and then attach it. Let me know which platform you’re using, and I can give you a precise step-by-step.


“I think it's Excel.”
00:01

In Excel, the process is pretty direct. You can go to File, then Share, and choose to send it as an attachment. This will open your default email client with the spreadsheet attached. Alternatively, you can save the


“Oh, share is over here. Okay, share.”
00:02

Exactly. Once you click ""Share"" and select ""Email"" or ""Send as Attachment,"" you’ll typically get options like sending as a workbook or PDF. The file will be attached automatically, so you just fill in the recipient and send!



Tip:
Maintain a strong posterior pelvic tilt as the legs lower, keeping the abdominals deeply engaged to prevent the lower back from lifting or gripping.","That sounds good, but let's tighten it slightly for clarity. You could say: Inhale to lift the leg, exhale as you rotate to the side, and inhale as you return to center.",,,,,,,
114,combo 24,,,,,,,,,,,,,,,,,,,
115,a note from the heart,,,,,,,,,,,,,,,,,,,
116,Cat  |  Left,,marm up,REPS,3,"Spine, core, shoulders",ncreases spinal flexibility and wakes up your spine — ,"Imagine a cat warming in the morning sun, gently round your spine, then lengthDraw your abdominals in to tilt the pelvis, rounding your spine from your tail to your head, then return to a long, neutral spine.en again with quiet, graceful control.”",,,"lBreath
Inhale to prepare.

Exhale slowly and completely as you round your back, letting the long, steady breath help deepen the curve.

Inhale to return to a neutral spine.","lp Initiate the from your abdominals, pulling upward to move the pelvis. Exhale as you round. Start small, gradually increasing your range of motion.","l Initiate the from your abdominals, pulling upward to move the pelvis. Exhale as you round. Start small, gradually increasing your range of motion.",,,,,,,
117,Thread the needle,,warm up,REPS,5,"Upper back, shoulders, obliques.","iImproves thoracic mobility, releases shoulder tension, and gently opens the upper back.","Like sliding your arm under a low table, threading through as your spine softly rotates and your shoulder melts into the floor."," On all fours with hands under shoulders and knees under hips, maintaining a neutral spine. Keep your gaze down to lengthen the back of your neck.","
From all fours, reach one arm underneath your body between the opposite hand and knee.

Allow your upper back to rotate as you bend the supporting elbow, lowering your shoulder and the side of your head toward the mat.

Press through your supporting hand to unwind and return to all fours.","
From all fours, reach one arm underneath your body between the opposite hand and knee.

Allow your upper back to rotate as you bend the supporting elbow, lowering your shoulder and the side of your head toward the mat.

Press through your supporting hand to unwind and return to all fours.","
From all fours, reach one arm underneath your body between the opposite hand and knee.

Allow your upper back to rotate as you bend the supporting elbow, lowering your shoulder and the side of your head toward the mat.

Press through your supporting hand to unwind and return to all fours.","
From all fours, reach one arm underneath your body between the opposite hand and knee.

Allow your upper back to rotate as you bend the supporting elbow, lowering your shoulder and the side of your head toward the mat.

Press through your supporting hand to unwind and return to all fours.",,,,,,,
118,Heels to hips,,warm up,REPS,5,"glutes, hip flexors, lower back","glutes, hip flexors, lower back","“Visualize your hips drifting back through warm sand, making  the smooth out any tension along your spine.”","Hands directly under shoulders, knees under hips
Spine stays long and neutral, with abdominals engaged

Gaze down toward the mat to keep the neck in line with the spine



","glide your hips back toward your heels, then return to the starting position with control"," Inhale to prepare, exhale with a nice, full release as you round your hips back toward your heels, and take a big, expansive inhale to return to your starting position—feel your breath in motion."," Hold your rounded cat shape as you send the hips toward the heels, gradually increasing the curve through the lower spine","Caution:If you feel pressure or pain in the knees, reduce the range of motion or place extra padding under them for support.",,,,,,,
119,roll down,,warm up,,,,,"Imagine your spine melting forward like warm candle wax, soft and fluid.",Back rounded and lengthened; hips to heels; arms reaching forward.,MovementBring your chin toward your chest and begin to peel down the wall one vertebra at a time.,Inhale as you roll down.Exhale as you roll up.,Keep your sacrum and lowest part of your back anchored into the wall as you roll down to deepen the stretch.,"Avoid pulling or forcing the stretch. Keep kneessoft, maintain control. And stop if you feel strain in your lower back or neck.",,,,,,,
120,Angel Wings,,warm up,,,"Shoulders, upper back, chest","Opens the chest, improves shoulder mobilty, encou",,"Stand facing away from the wall with your head, ribcage, and sacrum resting lightly against it.
Keep your feet about a foot away from the wall for comfort and to maintain a neutral spine.
Bend your elbows to 90 degrees from your shoulders with palms facing forward.","Start with elbows bent at 90 degrees, palms facing forward.
Lift your arms overhead until they’re straight and by your ears.
Lower them back down to the starting position.",inhale as you bring your arms upto straighten them. Exhale as you lower them back down., Keep your spine tall and ribcage grounded as your arms slide up and down the wall. Feel your shoulders open and your posture expand.,Cautain:Avoid flaring the ribcage as your arms lift. Maintain a neutral spine and stop if your shoulders or neck begin to strain.,,,,,,,
121,Shoulder circles,,warm up,,5 each,"Shouldess, upper back, shoulder stabilizers", eases tension and improves shoulder mobility.,,,,,,,,,,,,,